{
    "val_accuracy": 1.0,
    "val_f1": 1.0,
    "test_accuracy": 0.9651162790697675,
    "test_f1": 0.9719626168224299,
    "final_loss": 0.09372383621520979
}